group,task,algorithm,stage_a,arm_a,stage_b,arm_b,seed,a_percent,b_percent,difference_pp,same_episode_seeds
post_hoc,SCREW,sac,stage1,trix,stage1,none,0,96.0,0.0,96.0,True
post_hoc,SCREW,sac,stage1,trix,stage1,none,1,97.0,0.0,97.0,True
post_hoc,SCREW,sac,stage1,trix,stage1,none,2,0.0,0.0,0.0,True
post_hoc,SCREW,sac,stage1,trix,stage1,none,3,100.0,0.0,100.0,True
post_hoc,SCREW,sac,stage1,trix,stage1,none,4,96.0,0.0,96.0,True
post_hoc,SCREW,sac,stage1,trix,stage1,none,5,99.0,0.0,99.0,True
post_hoc,SCREW,sac,stage1,trix,stage1,none,6,100.0,0.0,100.0,True
post_hoc,SCREW,sac,stage1,trix,stage1,none,7,100.0,0.0,100.0,True
post_hoc,SCREW,sac,stage1,trix,stage1,none,8,99.0,0.0,99.0,True
post_hoc,SCREW,sac,stage1,trix,stage1,none,9,100.0,0.0,100.0,True
post_hoc,SCREW,sac,stage1,trix,stage1,qp_matched,0,96.0,96.0,0.0,True
post_hoc,SCREW,sac,stage1,trix,stage1,qp_matched,1,97.0,97.0,0.0,True
post_hoc,SCREW,sac,stage1,trix,stage1,qp_matched,2,0.0,0.0,0.0,True
post_hoc,SCREW,sac,stage1,trix,stage1,qp_matched,3,100.0,100.0,0.0,True
post_hoc,SCREW,sac,stage1,trix,stage1,qp_matched,4,96.0,96.0,0.0,True
post_hoc,SCREW,sac,stage1,trix,stage1,qp_matched,5,99.0,99.0,0.0,True
post_hoc,SCREW,sac,stage1,trix,stage1,qp_matched,6,100.0,100.0,0.0,True
post_hoc,SCREW,sac,stage1,trix,stage1,qp_matched,7,100.0,100.0,0.0,True
post_hoc,SCREW,sac,stage1,trix,stage1,qp_matched,8,99.0,99.0,0.0,True
post_hoc,SCREW,sac,stage1,trix,stage1,qp_matched,9,100.0,100.0,0.0,True
post_hoc,SCREW,ppo,stage1,trix,stage1,none,0,100.0,0.0,100.0,True
post_hoc,SCREW,ppo,stage1,trix,stage1,none,1,100.0,0.0,100.0,True
post_hoc,SCREW,ppo,stage1,trix,stage1,none,2,100.0,0.0,100.0,True
post_hoc,SCREW,ppo,stage1,trix,stage1,none,3,100.0,0.0,100.0,True
post_hoc,SCREW,ppo,stage1,trix,stage1,none,4,100.0,0.0,100.0,True
post_hoc,SCREW,ppo,stage1,trix,stage1,none,5,0.0,0.0,0.0,True
post_hoc,SCREW,ppo,stage1,trix,stage1,none,6,0.0,0.0,0.0,True
post_hoc,SCREW,ppo,stage1,trix,stage1,none,7,100.0,0.0,100.0,True
post_hoc,SCREW,ppo,stage1,trix,stage1,none,8,0.0,0.0,0.0,True
post_hoc,SCREW,ppo,stage1,trix,stage1,none,9,0.0,0.0,0.0,True
post_hoc,SCREW,ppo,stage1,trix,stage1,qp_matched,0,100.0,100.0,0.0,True
post_hoc,SCREW,ppo,stage1,trix,stage1,qp_matched,1,100.0,100.0,0.0,True
post_hoc,SCREW,ppo,stage1,trix,stage1,qp_matched,2,100.0,100.0,0.0,True
post_hoc,SCREW,ppo,stage1,trix,stage1,qp_matched,3,100.0,100.0,0.0,True
post_hoc,SCREW,ppo,stage1,trix,stage1,qp_matched,4,100.0,100.0,0.0,True
post_hoc,SCREW,ppo,stage1,trix,stage1,qp_matched,5,0.0,0.0,0.0,True
post_hoc,SCREW,ppo,stage1,trix,stage1,qp_matched,6,0.0,0.0,0.0,True
post_hoc,SCREW,ppo,stage1,trix,stage1,qp_matched,7,100.0,100.0,0.0,True
post_hoc,SCREW,ppo,stage1,trix,stage1,qp_matched,8,0.0,0.0,0.0,True
post_hoc,SCREW,ppo,stage1,trix,stage1,qp_matched,9,0.0,0.0,0.0,True
post_hoc,PCB,sac,stage1,trix,stage1,box_clip,0,100.0,0.0,100.0,True
post_hoc,PCB,sac,stage1,trix,stage1,box_clip,1,100.0,0.0,100.0,True
post_hoc,PCB,sac,stage1,trix,stage1,box_clip,2,100.0,0.0,100.0,True
post_hoc,PCB,sac,stage1,trix,stage1,box_clip,3,100.0,0.0,100.0,True
post_hoc,PCB,sac,stage1,trix,stage1,box_clip,4,100.0,0.0,100.0,True
post_hoc,PCB,sac,stage1,trix,stage1,box_clip,5,100.0,0.0,100.0,True
post_hoc,PCB,sac,stage1,trix,stage1,box_clip,6,100.0,0.0,100.0,True
post_hoc,PCB,sac,stage1,trix,stage1,box_clip,7,100.0,0.0,100.0,True
post_hoc,PCB,sac,stage1,trix,stage1,box_clip,8,100.0,0.0,100.0,True
post_hoc,PCB,sac,stage1,trix,stage1,box_clip,9,100.0,0.0,100.0,True
post_hoc,PCB,ppo,stage1,trix,stage1,box_clip,0,51.0,51.0,0.0,True
post_hoc,PCB,ppo,stage1,trix,stage1,box_clip,1,41.0,41.0,0.0,True
post_hoc,PCB,ppo,stage1,trix,stage1,box_clip,2,29.0,29.0,0.0,True
post_hoc,PCB,ppo,stage1,trix,stage1,box_clip,3,33.0,33.0,0.0,True
post_hoc,PCB,ppo,stage1,trix,stage1,box_clip,4,81.0,81.0,0.0,True
post_hoc,PCB,ppo,stage1,trix,stage1,box_clip,5,57.0,57.0,0.0,True
post_hoc,PCB,ppo,stage1,trix,stage1,box_clip,6,29.0,29.0,0.0,True
post_hoc,PCB,ppo,stage1,trix,stage1,box_clip,7,68.0,68.0,0.0,True
post_hoc,PCB,ppo,stage1,trix,stage1,box_clip,8,11.0,11.0,0.0,True
post_hoc,PCB,ppo,stage1,trix,stage1,box_clip,9,44.0,44.0,0.0,True
post_hoc,SNAP,sac,stage1,trix,stage1,static_clip,0,87.0,0.0,87.0,True
post_hoc,SNAP,sac,stage1,trix,stage1,static_clip,1,97.0,97.0,0.0,True
post_hoc,SNAP,sac,stage1,trix,stage1,static_clip,2,96.0,0.0,96.0,True
post_hoc,SNAP,sac,stage1,trix,stage1,static_clip,3,97.0,0.0,97.0,True
post_hoc,SNAP,sac,stage1,trix,stage1,static_clip,4,96.0,0.0,96.0,True
post_hoc,SNAP,sac,stage1,trix,stage1,static_clip,5,97.0,0.0,97.0,True
post_hoc,SNAP,sac,stage1,trix,stage1,static_clip,6,97.0,0.0,97.0,True
post_hoc,SNAP,sac,stage1,trix,stage1,static_clip,7,95.0,0.0,95.0,True
post_hoc,SNAP,sac,stage1,trix,stage1,static_clip,8,97.0,0.0,97.0,True
post_hoc,SNAP,sac,stage1,trix,stage1,static_clip,9,96.0,0.0,96.0,True
filter_aware,PCB,sac,stage2,trix,stage2,box_clip,0,100.0,100.0,0.0,True
filter_aware,PCB,sac,stage2,trix,stage2,box_clip,1,99.0,100.0,-1.0,True
filter_aware,PCB,sac,stage2,trix,stage2,box_clip,2,99.0,100.0,-1.0,True
filter_aware,PCB,sac,stage2,trix,stage2,box_clip,3,100.0,100.0,0.0,True
filter_aware,PCB,sac,stage2,trix,stage2,box_clip,4,100.0,100.0,0.0,True
filter_aware,PCB,sac,stage2,trix,stage2,box_clip,5,100.0,100.0,0.0,True
filter_aware,PCB,sac,stage2,trix,stage2,box_clip,6,100.0,100.0,0.0,True
filter_aware,PCB,sac,stage2,trix,stage2,box_clip,7,100.0,100.0,0.0,True
filter_aware,PCB,sac,stage2,trix,stage2,box_clip,8,100.0,100.0,0.0,True
filter_aware,PCB,sac,stage2,trix,stage2,box_clip,9,100.0,100.0,0.0,True
filter_aware,SNAP,sac,stage2,trix,stage2,static_clip,0,96.0,0.0,96.0,True
filter_aware,SNAP,sac,stage2,trix,stage2,static_clip,1,98.0,0.0,98.0,True
filter_aware,SNAP,sac,stage2,trix,stage2,static_clip,2,96.0,0.0,96.0,True
filter_aware,SNAP,sac,stage2,trix,stage2,static_clip,3,97.0,0.0,97.0,True
filter_aware,SNAP,sac,stage2,trix,stage2,static_clip,4,95.0,0.0,95.0,True
filter_aware,SNAP,sac,stage2,trix,stage2,static_clip,5,99.0,0.0,99.0,True
filter_aware,SNAP,sac,stage2,trix,stage2,static_clip,6,98.0,0.0,98.0,True
filter_aware,SNAP,sac,stage2,trix,stage2,static_clip,7,96.0,0.0,96.0,True
filter_aware,SNAP,sac,stage2,trix,stage2,static_clip,8,96.0,0.0,96.0,True
filter_aware,SNAP,sac,stage2,trix,stage2,static_clip,9,94.0,52.0,42.0,True
filter_aware,CRANK,sac,stage2,trix,stage2,static_clip,0,97.0,0.0,97.0,True
filter_aware,CRANK,sac,stage2,trix,stage2,static_clip,1,0.0,0.0,0.0,True
filter_aware,CRANK,sac,stage2,trix,stage2,static_clip,2,99.0,0.0,99.0,True
filter_aware,CRANK,sac,stage2,trix,stage2,static_clip,3,0.0,0.0,0.0,True
filter_aware,CRANK,sac,stage2,trix,stage2,static_clip,4,100.0,0.0,100.0,True
filter_aware,CRANK,sac,stage2,trix,stage2,static_clip,5,0.0,0.0,0.0,True
filter_aware,CRANK,sac,stage2,trix,stage2,static_clip,6,0.0,0.0,0.0,True
filter_aware,CRANK,sac,stage2,trix,stage2,static_clip,7,99.0,0.0,99.0,True
filter_aware,CRANK,sac,stage2,trix,stage2,static_clip,8,99.0,0.0,99.0,True
filter_aware,CRANK,sac,stage2,trix,stage2,static_clip,9,0.0,0.0,0.0,True
filter_aware,PRY,sac,stage2,trix,stage2,static_clip,0,97.0,98.0,-1.0,True
filter_aware,PRY,sac,stage2,trix,stage2,static_clip,1,96.0,96.0,0.0,True
filter_aware,PRY,sac,stage2,trix,stage2,static_clip,2,100.0,98.0,2.0,True
filter_aware,PRY,sac,stage2,trix,stage2,static_clip,3,0.0,0.0,0.0,True
filter_aware,PRY,sac,stage2,trix,stage2,static_clip,4,99.0,100.0,-1.0,True
filter_aware,PRY,sac,stage2,trix,stage2,static_clip,5,100.0,97.0,3.0,True
filter_aware,PRY,sac,stage2,trix,stage2,static_clip,6,100.0,100.0,0.0,True
filter_aware,PRY,sac,stage2,trix,stage2,static_clip,7,100.0,98.0,2.0,True
filter_aware,PRY,sac,stage2,trix,stage2,static_clip,8,99.0,98.0,1.0,True
filter_aware,PRY,sac,stage2,trix,stage2,static_clip,9,100.0,100.0,0.0,True
filter_aware,BATTERY,sac,stage2,trix_preventive,stage2,box_clip_preventive,0,100.0,100.0,0.0,False
filter_aware,BATTERY,sac,stage2,trix_preventive,stage2,box_clip_preventive,1,100.0,100.0,0.0,False
filter_aware,BATTERY,sac,stage2,trix_preventive,stage2,box_clip_preventive,2,100.0,100.0,0.0,False
filter_aware,BATTERY,sac,stage2,trix_preventive,stage2,box_clip_preventive,3,100.0,100.0,0.0,False
filter_aware,BATTERY,sac,stage2,trix_preventive,stage2,box_clip_preventive,4,100.0,100.0,0.0,False
filter_aware,BATTERY,sac,stage2,trix_preventive,stage2,box_clip_preventive,5,100.0,100.0,0.0,False
filter_aware,BATTERY,sac,stage2,trix_preventive,stage2,box_clip_preventive,6,100.0,100.0,0.0,False
filter_aware,BATTERY,sac,stage2,trix_preventive,stage2,box_clip_preventive,7,100.0,100.0,0.0,False
filter_aware,BATTERY,sac,stage2,trix_preventive,stage2,box_clip_preventive,8,100.0,100.0,0.0,False
filter_aware,BATTERY,sac,stage2,trix_preventive,stage2,box_clip_preventive,9,100.0,100.0,0.0,False
across_regimes,PCB,sac,stage2,box_clip,stage1,box_clip,0,100.0,0.0,100.0,False
across_regimes,PCB,sac,stage2,box_clip,stage1,box_clip,1,100.0,0.0,100.0,False
across_regimes,PCB,sac,stage2,box_clip,stage1,box_clip,2,100.0,0.0,100.0,False
across_regimes,PCB,sac,stage2,box_clip,stage1,box_clip,3,100.0,0.0,100.0,False
across_regimes,PCB,sac,stage2,box_clip,stage1,box_clip,4,100.0,0.0,100.0,False
across_regimes,PCB,sac,stage2,box_clip,stage1,box_clip,5,100.0,0.0,100.0,False
across_regimes,PCB,sac,stage2,box_clip,stage1,box_clip,6,100.0,0.0,100.0,False
across_regimes,PCB,sac,stage2,box_clip,stage1,box_clip,7,100.0,0.0,100.0,False
across_regimes,PCB,sac,stage2,box_clip,stage1,box_clip,8,100.0,0.0,100.0,False
across_regimes,PCB,sac,stage2,box_clip,stage1,box_clip,9,100.0,0.0,100.0,False
