algorithm,training_seed,selected_step,m,episodes,safe_completions,safe_completion_rate,destructive_completions,mechanical_failures,timeouts,episodes_with_violation
sac,6,3000,1.0,100,100,100.0,0,0,0,0
sac,3,3000,1.0,100,100,100.0,0,0,0,0
sac,5,3000,1.0,100,99,99.0,0,0,0,1
sac,0,13000,1.0,100,96,96.0,0,0,0,4
sac,4,3000,1.0,100,96,96.0,0,0,0,4
sac,1,5000,1.0,100,97,97.0,0,0,0,3
sac,7,7000,1.0,100,100,100.0,0,0,0,0
sac,9,3000,1.0,100,100,100.0,0,0,0,0
sac,8,11000,1.0,100,99,99.0,0,0,0,1
ppo,1,8000,1.0,100,100,100.0,0,0,0,0
ppo,0,13000,1.0,100,100,100.0,0,0,0,0
ppo,4,5000,1.0,100,100,100.0,0,0,0,0
sac,2,3000,1.0,100,0,0.0,0,0,100,9
ppo,3,13000,1.0,100,100,100.0,0,0,0,0
ppo,2,9000,1.0,100,100,100.0,0,0,0,0
ppo,5,2000,1.0,100,0,0.0,0,0,100,0
ppo,6,2000,1.0,100,0,0.0,0,0,100,0
ppo,7,7000,1.0,100,100,100.0,0,0,0,0
ppo,8,2000,1.0,100,0,0.0,0,0,100,0
ppo,9,2000,1.0,100,0,0.0,0,0,100,0
sac,3,3000,0.5,100,100,100.0,0,0,0,0
sac,3,3000,2.0,100,70,70.0,0,0,0,30
sac,0,13000,0.5,100,96,96.0,0,0,0,4
sac,1,5000,0.5,100,97,97.0,0,0,0,3
sac,0,13000,2.0,100,93,93.0,0,0,0,7
sac,1,5000,2.0,100,95,95.0,0,0,0,5
sac,4,3000,0.5,100,91,91.0,0,0,0,9
sac,5,3000,2.0,100,98,98.0,0,0,0,2
sac,6,3000,0.5,100,100,100.0,0,0,0,0
sac,6,3000,2.0,100,36,36.0,0,0,0,64
sac,4,3000,2.0,100,98,98.0,0,0,0,2
sac,7,7000,0.5,100,93,93.0,0,0,0,7
sac,9,3000,0.5,100,100,100.0,0,0,0,0
sac,8,11000,2.0,100,93,93.0,0,0,0,7
sac,9,3000,2.0,100,86,86.0,0,0,0,14
sac,7,7000,2.0,100,93,93.0,0,0,0,7
ppo,0,13000,0.5,100,100,100.0,0,0,0,0
ppo,1,8000,0.5,100,100,100.0,0,0,0,0
sac,2,3000,0.5,100,0,0.0,0,0,100,2
sac,2,3000,2.0,100,0,0.0,0,0,100,14
sac,5,3000,0.5,100,0,0.0,0,0,100,0
ppo,2,9000,0.5,100,100,100.0,0,0,0,0
sac,8,11000,0.5,100,0,0.0,0,0,100,0
ppo,1,8000,2.0,100,100,100.0,0,0,0,0
ppo,0,13000,2.0,100,0,0.0,0,0,100,0
ppo,4,5000,0.5,100,100,100.0,0,0,0,0
ppo,3,13000,2.0,100,100,100.0,0,0,0,0
ppo,2,9000,2.0,100,0,0.0,0,0,100,0
ppo,3,13000,0.5,100,0,0.0,0,0,100,0
ppo,7,7000,0.5,100,100,100.0,0,0,0,0
ppo,5,2000,0.5,100,0,0.0,0,0,100,0
ppo,4,5000,2.0,100,0,0.0,0,0,100,0
ppo,6,2000,0.5,100,0,0.0,0,0,100,0
ppo,5,2000,2.0,100,0,0.0,0,0,100,0
ppo,6,2000,2.0,100,0,0.0,0,0,100,0
ppo,8,2000,0.5,100,0,0.0,0,0,100,0
ppo,8,2000,2.0,100,0,0.0,0,0,100,0
ppo,7,7000,2.0,100,0,0.0,0,0,100,0
ppo,9,2000,0.5,100,0,0.0,0,0,100,0
ppo,9,2000,2.0,100,0,0.0,0,0,100,0
